model,GroupCount,mean_rmse,std_rmse,mean_mae,std_mae,mean_rmse_vx,std_rmse_vx,mean_rmse_vy,std_rmse_vy,mean_rmse_vz,std_rmse_vz,mean_rmse_wz,std_rmse_wz
c1_lstm9d,5,0.006265114,0.0007187279,0.003692101,0.0005546728,0.009182887,0.001004371,0.007999368,0.001499998,0.001029239,2.989461e-05,0.002420002,0.001013238
c2_lstm15d,5,0.006369777,0.0006122846,0.003848377,0.0005742058,0.00943366,0.001702783,0.007954596,0.000734696,0.001111472,0.0001078271,0.002431836,0.001283005
