model,samples,rmse_mean,mae_mean,rmse_vx,rmse_vy,rmse_vz,rmse_wz
c1_lstm9d,1960,0.01384143,0.0082864,0.01269227,0.01684164,0.003223377,0.0176413
c2_lstm15d,1960,0.01558057,0.008252192,0.01672838,0.01942873,0.004014694,0.01725064
c3a_bilstm,1960,0.01262719,0.007819341,0.01523975,0.0144959,0.00331268,0.01358046
c3_bidir_attn,1960,0.03703492,0.02289162,0.05022972,0.05223036,0.004854236,0.01455139
