model,samples,rmse_mean,mae_mean,rmse_vx,rmse_vy,rmse_vz,rmse_wz
c1_lstm9d,2508,0.0234658,0.008532097,0.02232741,0.03093789,0.004412992,0.02697101
c2_lstm15d,2508,0.02594081,0.01079633,0.02893796,0.03204626,0.009695021,0.02708026
c3a_bilstm,2508,0.03446443,0.01155941,0.04741238,0.03930193,0.00801866,0.02990519
c3_bidir_attn,2508,0.04222089,0.01810114,0.05367396,0.05216275,0.009693153,0.03787624
